frame,condition,model,tp,fp,fn,boxes,inference_ms
0,held-out public photos,low,0,0,2,0,72.99
0,held-out public photos,high,0,0,2,0,69.95
1,held-out public photos,low,0,0,1,0,72.59
1,held-out public photos,high,0,0,1,0,71.4
2,held-out public photos,low,0,0,2,0,95.96
2,held-out public photos,high,0,0,2,0,82.3
3,held-out public photos,low,0,0,2,0,99.29
3,held-out public photos,high,2,0,0,2,80.83
4,held-out public photos,low,0,0,1,0,73.67
4,held-out public photos,high,1,0,0,1,69.65
5,held-out public photos,low,0,0,1,0,68.49
5,held-out public photos,high,0,0,1,0,72.43
6,held-out public photos,low,0,0,1,0,99.34
6,held-out public photos,high,0,0,1,0,83.91
7,held-out public photos,low,0,0,6,0,78.72
7,held-out public photos,high,1,0,5,1,75.2
8,held-out public photos,low,0,0,1,0,111.24
8,held-out public photos,high,0,0,1,0,103.86
9,held-out public photos,low,0,0,3,0,71.53
9,held-out public photos,high,2,1,1,3,69.38
10,held-out public photos,low,0,0,1,0,68.38
10,held-out public photos,high,0,1,1,1,72.39
11,held-out public photos,low,0,0,3,0,78.9
11,held-out public photos,high,2,0,1,2,78.53
12,held-out public photos,low,0,0,3,0,76.26
12,held-out public photos,high,3,0,0,3,71.32
13,held-out public photos,low,0,0,1,0,73.21
13,held-out public photos,high,0,0,1,0,108.52
14,held-out public photos,low,0,0,1,0,110.71
14,held-out public photos,high,0,0,1,0,77.83
15,held-out public photos,low,0,0,1,0,68.8
15,held-out public photos,high,0,0,1,0,72.23
16,held-out public photos,low,0,0,1,0,68.89
16,held-out public photos,high,1,0,0,1,73.0
17,held-out public photos,low,0,0,1,0,69.28
17,held-out public photos,high,1,0,0,1,69.44
18,held-out public photos,low,0,0,2,0,67.57
18,held-out public photos,high,1,0,1,1,67.13
19,held-out public photos,low,0,0,1,0,69.81
19,held-out public photos,high,0,0,1,0,115.04
20,held-out public photos,low,0,0,1,0,86.82
20,held-out public photos,high,1,0,0,1,75.2
21,held-out public photos,low,0,0,4,0,61.19
21,held-out public photos,high,3,0,1,3,70.2
22,held-out public photos,low,0,0,1,0,78.38
22,held-out public photos,high,0,0,1,0,56.49
23,held-out public photos,low,0,0,1,0,58.66
23,held-out public photos,high,1,0,0,1,81.12
24,held-out public photos,low,0,0,2,0,79.87
24,held-out public photos,high,2,0,0,2,69.03
25,held-out public photos,low,0,0,1,0,55.84
25,held-out public photos,high,1,0,0,1,61.73
26,held-out public photos,low,0,0,1,0,56.03
26,held-out public photos,high,0,0,1,0,63.19
27,held-out public photos,low,0,0,2,0,60.28
27,held-out public photos,high,1,1,1,2,64.68
28,held-out public photos,low,0,0,1,0,41.27
28,held-out public photos,high,0,0,1,0,53.81
