frame,condition,model,tp,fp,fn,tn,boxes,inference_ms
0,"My room, normal light, plain background",low,0,0,0,1,0,180.85
0,"My room, normal light, plain background",high,0,0,0,1,0,55.58
1,"My room, normal light, plain background",low,0,0,0,1,0,57.63
1,"My room, normal light, plain background",high,0,0,0,1,0,60.18
2,"My room, normal light, plain background",low,0,0,0,1,0,67.16
2,"My room, normal light, plain background",high,0,0,0,1,0,41.46
3,"My room, normal light, plain background",low,0,0,0,1,0,54.16
3,"My room, normal light, plain background",high,0,0,0,1,0,38.38
4,"My room, normal light, plain background",low,0,0,0,1,0,49.74
4,"My room, normal light, plain background",high,0,0,0,1,0,40.05
5,"My room, normal light, plain background",low,0,0,0,1,0,49.66
5,"My room, normal light, plain background",high,0,0,0,1,0,53.81
6,"My room, normal light, plain background",low,0,0,0,1,0,52.42
6,"My room, normal light, plain background",high,0,0,0,1,0,43.41
7,"My room, normal light, plain background",low,0,0,0,1,0,50.6
7,"My room, normal light, plain background",high,0,0,0,1,0,49.29
8,"My room, normal light, plain background",low,0,0,0,1,0,45.37
8,"My room, normal light, plain background",high,0,0,0,1,0,36.57
9,"My room, normal light, plain background",low,0,0,0,1,0,39.95
9,"My room, normal light, plain background",high,0,0,0,1,0,43.57
10,"My room, normal light, plain background",low,0,0,0,1,0,37.46
10,"My room, normal light, plain background",high,0,0,0,1,0,48.51
11,"My room, normal light, plain background",low,0,0,0,1,0,39.54
11,"My room, normal light, plain background",high,0,0,0,1,0,64.47
12,"My room, normal light, plain background",low,0,0,0,1,0,41.52
12,"My room, normal light, plain background",high,0,0,0,1,0,42.95
13,"My room, normal light, plain background",low,0,0,0,1,0,48.96
13,"My room, normal light, plain background",high,0,0,0,1,0,43.18
14,"My room, normal light, plain background",low,0,0,0,1,0,53.12
14,"My room, normal light, plain background",high,0,0,0,1,0,44.14
15,"My room, normal light, plain background",low,0,0,0,1,0,39.52
15,"My room, normal light, plain background",high,0,0,0,1,0,46.06
16,"My room, normal light, plain background",low,0,0,0,1,0,42.34
16,"My room, normal light, plain background",high,0,0,0,1,0,37.97
17,"My room, normal light, plain background",low,0,0,0,1,0,38.62
17,"My room, normal light, plain background",high,0,0,0,1,0,38.46
18,"My room, normal light, plain background",low,0,0,0,1,0,47.49
18,"My room, normal light, plain background",high,0,0,0,1,0,47.06
19,"My room, normal light, plain background",low,0,0,0,1,0,51.65
19,"My room, normal light, plain background",high,0,0,0,1,0,40.79
20,"My room, normal light, plain background",low,0,0,0,1,0,46.76
20,"My room, normal light, plain background",high,0,0,0,1,0,39.81
21,"My room, normal light, plain background",low,0,0,0,1,0,46.4
21,"My room, normal light, plain background",high,0,0,0,1,0,39.0
22,"My room, normal light, plain background",low,0,0,0,1,0,38.23
22,"My room, normal light, plain background",high,0,0,0,1,0,70.11
23,"My room, normal light, plain background",low,0,0,0,1,0,55.64
23,"My room, normal light, plain background",high,0,0,0,1,0,41.64
24,"My room, normal light, plain background",low,0,0,0,1,0,42.39
24,"My room, normal light, plain background",high,0,0,0,1,0,45.33
25,"My room, normal light, plain background",low,0,0,0,1,0,41.12
25,"My room, normal light, plain background",high,0,0,0,1,0,46.38
26,"My room, normal light, plain background",low,0,0,0,1,0,37.72
26,"My room, normal light, plain background",high,0,0,0,1,0,46.53
27,"My room, normal light, plain background",low,0,0,0,1,0,45.98
27,"My room, normal light, plain background",high,0,0,0,1,0,53.6
28,"My room, normal light, plain background",low,0,0,0,1,0,39.63
28,"My room, normal light, plain background",high,0,0,0,1,0,38.74
29,"My room, normal light, plain background",low,0,0,0,1,0,37.83
29,"My room, normal light, plain background",high,0,0,0,1,0,41.82
30,"My room, normal light, plain background",low,0,0,0,1,0,37.98
30,"My room, normal light, plain background",high,0,0,0,1,0,43.67
31,"My room, normal light, plain background",low,0,0,0,1,0,43.36
31,"My room, normal light, plain background",high,0,0,0,1,0,44.87
32,"My room, normal light, plain background",low,0,0,0,1,0,49.84
32,"My room, normal light, plain background",high,0,0,0,1,0,40.38
33,"My room, normal light, plain background",low,0,0,0,1,0,54.2
33,"My room, normal light, plain background",high,0,0,0,1,0,39.9
34,"My room, normal light, plain background",low,0,0,0,1,0,46.97
34,"My room, normal light, plain background",high,0,0,0,1,0,47.93
35,"My room, normal light, plain background",low,0,0,0,1,0,44.14
35,"My room, normal light, plain background",high,0,0,0,1,0,43.05
36,"My room, normal light, plain background",low,0,0,0,1,0,42.82
36,"My room, normal light, plain background",high,0,0,0,1,0,45.05
37,"My room, normal light, plain background",low,0,0,0,1,0,44.8
37,"My room, normal light, plain background",high,0,0,0,1,0,53.09
38,"My room, normal light, plain background",low,0,0,0,1,0,38.87
38,"My room, normal light, plain background",high,0,0,0,1,0,50.18
39,"My room, normal light, plain background",low,0,0,0,1,0,38.92
39,"My room, normal light, plain background",high,0,0,0,1,0,44.78
40,"My room, normal light, plain background",low,0,0,0,1,0,45.69
40,"My room, normal light, plain background",high,0,0,0,1,0,59.5
41,"My room, normal light, plain background",low,0,0,0,1,0,55.03
41,"My room, normal light, plain background",high,0,0,0,1,0,42.62
42,"My room, normal light, plain background",low,0,0,0,1,0,186.39
42,"My room, normal light, plain background",high,0,0,0,1,0,48.93
43,"My room, normal light, plain background",low,0,0,0,1,0,41.43
43,"My room, normal light, plain background",high,0,0,0,1,0,48.66
44,"My room, normal light, plain background",low,0,0,0,1,0,48.42
44,"My room, normal light, plain background",high,0,0,0,1,0,67.02
45,"My room, normal light, plain background",low,0,0,0,1,0,47.14
45,"My room, normal light, plain background",high,0,0,0,1,0,48.19
46,"My room, normal light, plain background",low,0,0,0,1,0,45.39
46,"My room, normal light, plain background",high,0,0,0,1,0,57.63
47,"My room, normal light, plain background",low,0,0,0,1,0,52.97
47,"My room, normal light, plain background",high,0,0,0,1,0,52.52
48,"My room, normal light, plain background",low,0,0,0,1,0,57.21
48,"My room, normal light, plain background",high,0,0,0,1,0,60.29
49,"My room, normal light, plain background",low,0,0,0,1,0,62.33
49,"My room, normal light, plain background",high,0,0,0,1,0,46.63
50,"My room, normal light, plain background",low,0,0,0,1,0,51.66
50,"My room, normal light, plain background",high,0,0,0,1,0,38.54
51,"My room, normal light, plain background",low,0,0,0,1,0,53.89
51,"My room, normal light, plain background",high,0,0,0,1,0,53.81
52,"My room, normal light, plain background",low,0,0,0,1,0,39.71
52,"My room, normal light, plain background",high,0,0,0,1,0,42.74
53,"My room, normal light, plain background",low,0,0,0,1,0,57.21
53,"My room, normal light, plain background",high,0,0,0,1,0,88.69
54,"My room, normal light, plain background",low,0,0,0,1,0,61.04
54,"My room, normal light, plain background",high,0,0,0,1,0,65.57
55,"My room, normal light, plain background",low,0,0,0,1,0,57.48
55,"My room, normal light, plain background",high,0,0,0,1,0,63.47
56,"My room, normal light, plain background",low,0,0,0,1,0,38.22
56,"My room, normal light, plain background",high,0,0,0,1,0,50.41
57,"My room, normal light, plain background",low,0,0,0,1,0,51.57
57,"My room, normal light, plain background",high,0,0,0,1,0,49.3
58,"My room, normal light, plain background",low,0,0,0,1,0,42.37
58,"My room, normal light, plain background",high,0,0,0,1,0,47.13
59,"My room, normal light, plain background",low,0,0,0,1,0,57.38
59,"My room, normal light, plain background",high,0,0,0,1,0,39.43
60,"My room, normal light, plain background",low,0,0,0,1,0,58.35
60,"My room, normal light, plain background",high,0,0,0,1,0,46.74
61,"My room, normal light, plain background",low,0,0,0,1,0,40.56
61,"My room, normal light, plain background",high,0,0,0,1,0,46.97
62,"My room, normal light, plain background",low,0,0,0,1,0,49.6
62,"My room, normal light, plain background",high,0,0,0,1,0,49.42
63,"My room, normal light, plain background",low,0,0,0,1,0,50.19
63,"My room, normal light, plain background",high,0,0,0,1,0,39.89
64,"My room, normal light, plain background",low,0,0,0,1,0,44.72
64,"My room, normal light, plain background",high,0,0,0,1,0,44.55
65,"My room, normal light, plain background",low,0,0,0,1,0,37.25
65,"My room, normal light, plain background",high,0,0,0,1,0,57.1
66,"My room, normal light, plain background",low,0,0,0,1,0,36.97
66,"My room, normal light, plain background",high,0,0,0,1,0,43.48
67,"My room, normal light, plain background",low,0,0,0,1,0,45.14
67,"My room, normal light, plain background",high,0,0,0,1,0,39.63
68,"My room, normal light, plain background",low,0,0,0,1,0,35.44
68,"My room, normal light, plain background",high,0,0,0,1,0,35.82
69,"My room, normal light, plain background",low,0,0,0,1,0,48.33
69,"My room, normal light, plain background",high,0,0,0,1,0,50.53
70,"My room, normal light, plain background",low,0,0,0,1,0,49.85
70,"My room, normal light, plain background",high,0,0,0,1,0,62.65
71,"My room, normal light, plain background",low,0,0,0,1,0,36.85
71,"My room, normal light, plain background",high,0,0,0,1,0,42.85
72,"My room, normal light, plain background",low,0,0,0,1,0,39.2
72,"My room, normal light, plain background",high,0,0,0,1,0,40.59
73,"My room, normal light, plain background",low,0,0,0,1,0,57.72
73,"My room, normal light, plain background",high,0,0,0,1,0,37.7
74,"My room, normal light, plain background",low,0,0,0,1,0,43.22
74,"My room, normal light, plain background",high,0,0,0,1,0,36.08
75,"My room, normal light, plain background",low,0,0,0,1,0,44.55
75,"My room, normal light, plain background",high,0,0,0,1,0,43.12
76,"My room, normal light, plain background",low,0,0,0,1,0,42.23
76,"My room, normal light, plain background",high,0,0,0,1,0,42.61
77,"My room, normal light, plain background",low,0,0,0,1,0,44.23
77,"My room, normal light, plain background",high,0,0,0,1,0,48.87
78,"My room, normal light, plain background",low,0,0,0,1,0,39.66
78,"My room, normal light, plain background",high,0,0,0,1,0,61.32
79,"My room, normal light, plain background",low,0,0,0,1,0,41.22
79,"My room, normal light, plain background",high,0,0,0,1,0,47.04
80,"My room, normal light, plain background",low,0,0,0,1,0,44.53
80,"My room, normal light, plain background",high,0,0,0,1,0,51.14
81,"My room, normal light, plain background",low,0,0,0,1,0,40.29
81,"My room, normal light, plain background",high,0,0,0,1,0,61.74
82,"My room, normal light, plain background",low,0,0,0,1,0,38.4
82,"My room, normal light, plain background",high,0,0,0,1,0,54.96
83,"My room, normal light, plain background",low,0,0,0,1,0,39.11
83,"My room, normal light, plain background",high,0,0,0,1,0,46.61
84,"My room, normal light, plain background",low,0,0,0,1,0,41.72
84,"My room, normal light, plain background",high,0,0,0,1,0,48.43
85,"My room, normal light, plain background",low,0,0,0,1,0,39.75
85,"My room, normal light, plain background",high,0,0,0,1,0,45.44
86,"My room, normal light, plain background",low,0,0,0,1,0,40.27
86,"My room, normal light, plain background",high,0,0,0,1,0,42.44
87,"My room, normal light, plain background",low,0,0,0,1,0,39.91
87,"My room, normal light, plain background",high,0,0,0,1,0,44.85
88,"My room, normal light, plain background",low,0,0,0,1,0,50.37
88,"My room, normal light, plain background",high,0,0,0,1,0,44.72
89,"My room, normal light, plain background",low,0,0,0,1,0,43.09
89,"My room, normal light, plain background",high,0,0,0,1,0,43.25
90,"My room, normal light, plain background",low,0,0,0,1,0,46.3
90,"My room, normal light, plain background",high,0,0,0,1,0,42.55
91,"My room, normal light, plain background",low,0,0,0,1,0,54.22
91,"My room, normal light, plain background",high,0,0,0,1,0,72.25
92,"My room, normal light, plain background",low,0,0,0,1,0,58.35
92,"My room, normal light, plain background",high,0,0,0,1,0,58.71
93,"My room, normal light, plain background",low,0,0,0,1,0,58.5
93,"My room, normal light, plain background",high,0,0,0,1,0,37.99
94,"My room, normal light, plain background",low,0,0,0,1,0,38.86
94,"My room, normal light, plain background",high,0,0,0,1,0,40.51
95,"My room, normal light, plain background",low,0,0,0,1,0,40.61
95,"My room, normal light, plain background",high,0,0,0,1,0,39.87
96,"My room, normal light, plain background",low,0,0,0,1,0,54.52
96,"My room, normal light, plain background",high,0,0,0,1,0,56.06
97,"My room, normal light, plain background",low,0,0,0,1,0,41.46
97,"My room, normal light, plain background",high,0,0,0,1,0,35.36
98,"My room, normal light, plain background",low,0,0,0,1,0,42.65
98,"My room, normal light, plain background",high,0,0,0,1,0,43.19
99,"My room, normal light, plain background",low,0,0,0,1,0,35.4
99,"My room, normal light, plain background",high,0,0,0,1,0,57.34
100,"My room, normal light, plain background",low,0,0,0,1,0,37.72
100,"My room, normal light, plain background",high,0,0,0,1,0,51.42
101,"My room, normal light, plain background",low,0,0,0,1,0,51.67
101,"My room, normal light, plain background",high,0,0,0,1,0,53.77
102,"My room, normal light, plain background",low,0,0,0,1,0,41.98
102,"My room, normal light, plain background",high,0,0,0,1,0,46.78
103,"My room, normal light, plain background",low,0,0,0,1,0,46.46
103,"My room, normal light, plain background",high,0,0,0,1,0,45.01
104,"My room, normal light, plain background",low,0,0,0,1,0,43.66
104,"My room, normal light, plain background",high,0,0,0,1,0,43.8
105,"My room, normal light, plain background",low,0,0,0,1,0,40.7
105,"My room, normal light, plain background",high,0,0,0,1,0,48.95
106,"My room, normal light, plain background",low,0,0,0,1,0,40.37
106,"My room, normal light, plain background",high,0,0,0,1,0,41.68
107,"My room, normal light, plain background",low,0,0,0,1,0,43.44
107,"My room, normal light, plain background",high,0,0,0,1,0,43.54
108,"My room, normal light, plain background",low,0,0,0,1,0,40.81
108,"My room, normal light, plain background",high,0,0,0,1,0,47.0
109,"My room, normal light, plain background",low,0,0,0,1,0,44.07
109,"My room, normal light, plain background",high,0,0,0,1,0,41.99
110,"My room, normal light, plain background",low,0,0,0,1,0,46.92
110,"My room, normal light, plain background",high,0,0,0,1,0,64.25
111,"My room, normal light, plain background",low,0,0,0,1,0,42.08
111,"My room, normal light, plain background",high,0,0,0,1,0,48.81
112,"My room, normal light, plain background",low,0,0,0,1,0,56.48
112,"My room, normal light, plain background",high,0,0,0,1,0,40.46
113,"My room, normal light, plain background",low,0,0,0,1,0,36.54
113,"My room, normal light, plain background",high,0,0,0,1,0,44.07
114,"My room, normal light, plain background",low,0,0,0,1,0,47.48
114,"My room, normal light, plain background",high,0,0,0,1,0,51.81
115,"My room, normal light, plain background",low,0,0,0,1,0,47.02
115,"My room, normal light, plain background",high,0,0,0,1,0,36.46
116,"My room, normal light, plain background",low,0,0,0,1,0,46.79
116,"My room, normal light, plain background",high,0,0,0,1,0,37.69
117,"My room, normal light, plain background",low,0,0,0,1,0,48.56
117,"My room, normal light, plain background",high,0,0,0,1,0,40.48
118,"My room, normal light, plain background",low,0,0,0,1,0,43.13
118,"My room, normal light, plain background",high,0,0,0,1,0,36.43
119,"My room, normal light, plain background",low,0,0,0,1,0,36.46
119,"My room, normal light, plain background",high,0,0,0,1,0,40.94
120,"My room, normal light, plain background",low,0,0,0,1,0,37.77
120,"My room, normal light, plain background",high,0,0,0,1,0,37.6
121,"My room, normal light, plain background",low,0,0,0,1,0,37.16
121,"My room, normal light, plain background",high,0,0,0,1,0,38.92
122,"My room, normal light, plain background",low,0,0,0,1,0,38.5
122,"My room, normal light, plain background",high,0,0,0,1,0,46.13
123,"My room, normal light, plain background",low,0,0,0,1,0,68.33
123,"My room, normal light, plain background",high,0,0,0,1,0,42.33
124,"My room, normal light, plain background",low,0,0,0,1,0,44.86
124,"My room, normal light, plain background",high,0,0,0,1,0,40.52
125,"My room, normal light, plain background",low,0,0,0,1,0,44.38
125,"My room, normal light, plain background",high,0,0,0,1,0,48.99
126,"My room, normal light, plain background",low,0,0,0,1,0,38.68
126,"My room, normal light, plain background",high,0,0,0,1,0,41.41
127,"My room, normal light, plain background",low,0,0,0,1,0,50.7
127,"My room, normal light, plain background",high,0,0,0,1,0,46.8
128,"My room, normal light, plain background",low,0,0,0,1,0,39.3
128,"My room, normal light, plain background",high,0,0,0,1,0,38.46
129,"My room, normal light, plain background",low,0,0,0,1,0,44.69
129,"My room, normal light, plain background",high,0,0,0,1,0,38.67
130,"My room, normal light, plain background",low,0,0,0,1,0,44.98
130,"My room, normal light, plain background",high,0,0,0,1,0,49.27
131,"My room, normal light, plain background",low,0,0,0,1,0,39.27
131,"My room, normal light, plain background",high,0,0,0,1,0,44.19
132,"My room, normal light, plain background",low,0,0,0,1,0,49.44
132,"My room, normal light, plain background",high,0,0,0,1,0,37.42
133,"My room, normal light, plain background",low,0,0,0,1,0,57.16
133,"My room, normal light, plain background",high,0,0,0,1,0,51.48
134,"My room, normal light, plain background",low,0,0,0,1,0,52.57
134,"My room, normal light, plain background",high,0,0,0,1,0,44.59
135,"My room, normal light, plain background",low,0,0,0,1,0,49.95
135,"My room, normal light, plain background",high,0,0,0,1,0,41.24
136,"My room, normal light, plain background",low,0,0,0,1,0,40.81
136,"My room, normal light, plain background",high,0,0,0,1,0,48.18
137,"My room, normal light, plain background",low,0,0,0,1,0,41.05
137,"My room, normal light, plain background",high,0,0,0,1,0,37.7
138,"My room, normal light, plain background",low,0,0,0,1,0,53.79
138,"My room, normal light, plain background",high,0,0,0,1,0,64.05
139,"My room, normal light, plain background",low,0,0,0,1,0,209.22
139,"My room, normal light, plain background",high,0,0,0,1,0,273.17
140,"My room, normal light, plain background",low,0,0,0,1,0,490.07
140,"My room, normal light, plain background",high,0,0,0,1,0,52.12
141,"My room, normal light, plain background",low,0,0,0,1,0,54.5
141,"My room, normal light, plain background",high,0,0,0,1,0,58.62
142,"My room, normal light, plain background",low,0,0,0,1,0,69.58
142,"My room, normal light, plain background",high,0,0,0,1,0,77.75
143,"My room, normal light, plain background",low,0,0,0,1,0,50.46
143,"My room, normal light, plain background",high,0,0,0,1,0,42.59
144,"My room, normal light, plain background",low,0,0,0,1,0,47.39
144,"My room, normal light, plain background",high,0,0,0,1,0,48.14
145,"My room, normal light, plain background",low,0,0,0,1,0,43.55
145,"My room, normal light, plain background",high,0,0,0,1,0,61.29
146,"My room, normal light, plain background",low,0,0,0,1,0,44.18
146,"My room, normal light, plain background",high,0,0,0,1,0,41.64
147,"My room, normal light, plain background",low,0,0,0,1,0,55.09
147,"My room, normal light, plain background",high,0,0,0,1,0,46.46
148,"My room, normal light, plain background",low,0,0,0,1,0,59.04
148,"My room, normal light, plain background",high,0,0,0,1,0,40.56
149,"My room, normal light, plain background",low,0,0,0,1,0,39.77
149,"My room, normal light, plain background",high,0,0,0,1,0,39.1
150,"My room, normal light, plain background",low,0,0,1,0,0,38.98
150,"My room, normal light, plain background",high,1,0,0,0,1,50.44
151,"My room, normal light, plain background",low,0,0,1,0,0,45.26
151,"My room, normal light, plain background",high,1,0,0,0,1,51.56
152,"My room, normal light, plain background",low,0,0,1,0,0,39.24
152,"My room, normal light, plain background",high,1,0,0,0,1,48.5
153,"My room, normal light, plain background",low,0,0,1,0,0,53.9
153,"My room, normal light, plain background",high,1,0,0,0,1,52.56
154,"My room, normal light, plain background",low,0,0,1,0,0,51.94
154,"My room, normal light, plain background",high,1,0,0,0,1,41.28
155,"My room, normal light, plain background",low,0,0,1,0,0,52.8
155,"My room, normal light, plain background",high,1,0,0,0,1,57.78
156,"My room, normal light, plain background",low,0,0,1,0,0,146.66
156,"My room, normal light, plain background",high,1,0,0,0,1,57.64
157,"My room, normal light, plain background",low,0,0,1,0,0,44.88
157,"My room, normal light, plain background",high,1,0,0,0,1,50.33
158,"My room, normal light, plain background",low,0,0,1,0,0,41.71
158,"My room, normal light, plain background",high,1,0,0,0,1,49.28
159,"My room, normal light, plain background",low,0,0,1,0,0,44.95
159,"My room, normal light, plain background",high,1,0,0,0,1,49.2
160,"My room, normal light, plain background",low,0,0,1,0,0,46.18
160,"My room, normal light, plain background",high,1,0,0,0,1,48.27
161,"My room, normal light, plain background",low,0,0,1,0,0,50.67
161,"My room, normal light, plain background",high,1,0,0,0,1,45.72
162,"My room, normal light, plain background",low,0,0,1,0,0,46.14
162,"My room, normal light, plain background",high,1,0,0,0,1,44.89
163,"My room, normal light, plain background",low,0,0,1,0,0,47.28
163,"My room, normal light, plain background",high,1,0,0,0,1,58.47
164,"My room, normal light, plain background",low,0,0,1,0,0,73.1
164,"My room, normal light, plain background",high,1,0,0,0,1,61.97
165,"My room, normal light, plain background",low,0,0,1,0,0,43.61
165,"My room, normal light, plain background",high,1,0,0,0,1,53.72
166,"My room, normal light, plain background",low,0,0,1,0,0,42.98
166,"My room, normal light, plain background",high,1,0,0,0,1,46.44
167,"My room, normal light, plain background",low,0,0,1,0,0,48.08
167,"My room, normal light, plain background",high,1,0,0,0,1,40.87
168,"My room, normal light, plain background",low,0,0,1,0,0,52.93
168,"My room, normal light, plain background",high,1,0,0,0,1,58.07
169,"My room, normal light, plain background",low,0,0,1,0,0,54.71
169,"My room, normal light, plain background",high,1,0,0,0,1,40.43
170,"My room, normal light, plain background",low,0,0,1,0,0,49.18
170,"My room, normal light, plain background",high,1,0,0,0,1,46.57
171,"My room, normal light, plain background",low,0,0,1,0,0,54.72
171,"My room, normal light, plain background",high,1,0,0,0,1,41.8
172,"My room, normal light, plain background",low,0,0,1,0,0,45.43
172,"My room, normal light, plain background",high,1,0,0,0,1,42.85
173,"My room, normal light, plain background",low,0,0,1,0,0,46.67
173,"My room, normal light, plain background",high,1,0,0,0,1,56.96
174,"My room, normal light, plain background",low,0,0,1,0,0,40.95
174,"My room, normal light, plain background",high,1,0,0,0,1,43.21
175,"My room, normal light, plain background",low,0,0,1,0,0,50.3
175,"My room, normal light, plain background",high,1,0,0,0,1,49.81
176,"My room, normal light, plain background",low,0,0,1,0,0,45.03
176,"My room, normal light, plain background",high,1,0,0,0,1,38.88
177,"My room, normal light, plain background",low,0,0,1,0,0,40.95
177,"My room, normal light, plain background",high,1,0,0,0,1,44.81
178,"My room, normal light, plain background",low,0,0,1,0,0,55.68
178,"My room, normal light, plain background",high,1,0,0,0,1,55.27
179,"My room, normal light, plain background",low,0,0,1,0,0,43.25
179,"My room, normal light, plain background",high,1,0,0,0,1,53.68
180,"My room, normal light, plain background",low,0,0,1,0,0,50.37
180,"My room, normal light, plain background",high,1,0,0,0,1,41.81
181,"My room, normal light, plain background",low,0,0,1,0,0,39.17
181,"My room, normal light, plain background",high,1,0,0,0,1,47.36
182,"My room, normal light, plain background",low,0,0,1,0,0,38.01
182,"My room, normal light, plain background",high,1,0,0,0,1,40.31
183,"My room, normal light, plain background",low,0,0,1,0,0,48.1
183,"My room, normal light, plain background",high,1,0,0,0,1,44.74
184,"My room, normal light, plain background",low,0,0,1,0,0,49.95
184,"My room, normal light, plain background",high,1,0,0,0,1,45.94
185,"My room, normal light, plain background",low,0,0,1,0,0,49.0
185,"My room, normal light, plain background",high,1,0,0,0,1,44.68
186,"My room, normal light, plain background",low,0,0,1,0,0,42.59
186,"My room, normal light, plain background",high,1,0,0,0,1,43.48
187,"My room, normal light, plain background",low,0,0,1,0,0,68.89
187,"My room, normal light, plain background",high,0,0,1,0,0,78.47
188,"My room, normal light, plain background",low,0,0,1,0,0,76.18
188,"My room, normal light, plain background",high,0,0,1,0,0,73.32
189,"My room, normal light, plain background",low,0,0,1,0,0,74.24
189,"My room, normal light, plain background",high,1,0,0,0,1,78.47
190,"My room, normal light, plain background",low,0,0,1,0,0,69.76
190,"My room, normal light, plain background",high,1,0,0,0,1,76.93
191,"My room, normal light, plain background",low,0,0,1,0,0,56.51
191,"My room, normal light, plain background",high,1,0,0,0,1,66.08
192,"My room, normal light, plain background",low,0,0,1,0,0,48.88
192,"My room, normal light, plain background",high,1,0,0,0,1,45.91
193,"My room, normal light, plain background",low,0,0,1,0,0,42.95
193,"My room, normal light, plain background",high,0,0,1,0,0,51.19
194,"My room, normal light, plain background",low,0,0,1,0,0,55.34
194,"My room, normal light, plain background",high,0,0,1,0,0,44.15
195,"My room, normal light, plain background",low,0,0,1,0,0,51.88
195,"My room, normal light, plain background",high,1,0,0,0,1,50.0
196,"My room, normal light, plain background",low,0,0,1,0,0,51.67
196,"My room, normal light, plain background",high,1,0,0,0,1,49.63
197,"My room, normal light, plain background",low,0,0,1,0,0,50.34
197,"My room, normal light, plain background",high,1,0,0,0,1,55.2
198,"My room, normal light, plain background",low,0,0,1,0,0,51.35
198,"My room, normal light, plain background",high,0,0,1,0,0,46.03
199,"My room, normal light, plain background",low,0,0,1,0,0,44.42
199,"My room, normal light, plain background",high,0,0,1,0,0,51.01
200,"My room, normal light, plain background",low,0,0,1,0,0,45.09
200,"My room, normal light, plain background",high,1,0,0,0,1,44.56
201,"My room, normal light, plain background",low,0,0,1,0,0,70.96
201,"My room, normal light, plain background",high,1,0,0,0,1,47.16
202,"My room, normal light, plain background",low,0,0,1,0,0,56.05
202,"My room, normal light, plain background",high,1,0,0,0,1,57.99
203,"My room, normal light, plain background",low,0,0,1,0,0,53.76
203,"My room, normal light, plain background",high,0,0,1,0,0,45.78
204,"My room, normal light, plain background",low,0,0,1,0,0,43.81
204,"My room, normal light, plain background",high,0,0,1,0,0,48.69
205,"My room, normal light, plain background",low,0,0,1,0,0,51.72
205,"My room, normal light, plain background",high,0,0,1,0,0,44.2
206,"My room, normal light, plain background",low,0,0,1,0,0,49.39
206,"My room, normal light, plain background",high,0,0,1,0,0,44.04
207,"My room, normal light, plain background",low,0,0,1,0,0,52.69
207,"My room, normal light, plain background",high,0,0,1,0,0,52.72
208,"My room, normal light, plain background",low,0,0,1,0,0,47.43
208,"My room, normal light, plain background",high,0,0,1,0,0,54.05
209,"My room, normal light, plain background",low,0,0,1,0,0,47.68
209,"My room, normal light, plain background",high,0,0,1,0,0,46.74
210,"My room, normal light, plain background",low,0,0,1,0,0,60.82
210,"My room, normal light, plain background",high,0,0,1,0,0,51.03
211,"My room, normal light, plain background",low,0,0,1,0,0,41.68
211,"My room, normal light, plain background",high,0,0,1,0,0,42.76
212,"My room, normal light, plain background",low,0,0,1,0,0,51.28
212,"My room, normal light, plain background",high,0,0,1,0,0,41.81
213,"My room, normal light, plain background",low,0,0,1,0,0,52.59
213,"My room, normal light, plain background",high,0,0,1,0,0,41.02
214,"My room, normal light, plain background",low,0,0,1,0,0,45.13
214,"My room, normal light, plain background",high,0,0,1,0,0,58.62
215,"My room, normal light, plain background",low,0,0,1,0,0,47.89
215,"My room, normal light, plain background",high,0,0,1,0,0,45.41
216,"My room, normal light, plain background",low,0,0,1,0,0,53.5
216,"My room, normal light, plain background",high,0,0,1,0,0,55.17
217,"My room, normal light, plain background",low,0,0,1,0,0,47.92
217,"My room, normal light, plain background",high,0,0,1,0,0,46.87
218,"My room, normal light, plain background",low,0,0,1,0,0,53.85
218,"My room, normal light, plain background",high,0,0,1,0,0,48.16
219,"My room, normal light, plain background",low,0,0,1,0,0,53.8
219,"My room, normal light, plain background",high,0,0,1,0,0,39.17
220,"My room, normal light, plain background",low,0,0,1,0,0,62.57
220,"My room, normal light, plain background",high,0,0,1,0,0,49.14
221,"My room, normal light, plain background",low,0,0,1,0,0,51.08
221,"My room, normal light, plain background",high,0,0,1,0,0,50.65
222,"My room, normal light, plain background",low,0,0,1,0,0,47.82
222,"My room, normal light, plain background",high,0,0,1,0,0,49.04
223,"My room, normal light, plain background",low,0,0,1,0,0,48.66
223,"My room, normal light, plain background",high,0,0,1,0,0,51.18
224,"My room, normal light, plain background",low,0,0,1,0,0,48.78
224,"My room, normal light, plain background",high,0,0,1,0,0,45.81
225,"My room, normal light, plain background",low,0,0,1,0,0,46.83
225,"My room, normal light, plain background",high,0,0,1,0,0,44.73
226,"My room, normal light, plain background",low,0,0,1,0,0,63.8
226,"My room, normal light, plain background",high,0,0,1,0,0,50.99
227,"My room, normal light, plain background",low,0,0,1,0,0,41.1
227,"My room, normal light, plain background",high,0,0,1,0,0,57.55
228,"My room, normal light, plain background",low,0,0,1,0,0,41.57
228,"My room, normal light, plain background",high,0,0,1,0,0,45.69
229,"My room, normal light, plain background",low,0,0,1,0,0,46.95
229,"My room, normal light, plain background",high,0,0,1,0,0,66.75
230,"My room, normal light, plain background",low,0,0,1,0,0,43.65
230,"My room, normal light, plain background",high,0,0,1,0,0,46.73
231,"My room, normal light, plain background",low,0,0,1,0,0,49.3
231,"My room, normal light, plain background",high,0,0,1,0,0,52.47
232,"My room, normal light, plain background",low,0,0,1,0,0,56.6
232,"My room, normal light, plain background",high,0,0,1,0,0,39.96
233,"My room, normal light, plain background",low,0,0,1,0,0,41.73
233,"My room, normal light, plain background",high,0,0,1,0,0,39.75
234,"My room, normal light, plain background",low,0,0,1,0,0,54.03
234,"My room, normal light, plain background",high,0,0,1,0,0,56.01
235,"My room, normal light, plain background",low,0,0,1,0,0,46.18
235,"My room, normal light, plain background",high,0,0,1,0,0,54.09
236,"My room, normal light, plain background",low,0,0,1,0,0,44.37
236,"My room, normal light, plain background",high,0,0,1,0,0,41.96
237,"My room, normal light, plain background",low,0,0,1,0,0,44.71
237,"My room, normal light, plain background",high,1,0,0,0,1,53.63
238,"My room, normal light, plain background",low,0,0,1,0,0,51.73
238,"My room, normal light, plain background",high,1,0,0,0,1,46.99
239,"My room, normal light, plain background",low,0,0,1,0,0,51.78
239,"My room, normal light, plain background",high,1,0,0,0,1,67.46
240,"My room, normal light, plain background",low,0,0,1,0,0,41.11
240,"My room, normal light, plain background",high,1,0,0,0,1,47.03
241,"My room, normal light, plain background",low,0,0,1,0,0,53.32
241,"My room, normal light, plain background",high,1,0,0,0,1,40.52
242,"My room, normal light, plain background",low,0,0,1,0,0,40.34
242,"My room, normal light, plain background",high,1,0,0,0,1,39.83
243,"My room, normal light, plain background",low,0,0,1,0,0,44.01
243,"My room, normal light, plain background",high,1,0,0,0,1,49.41
244,"My room, normal light, plain background",low,0,0,1,0,0,41.56
244,"My room, normal light, plain background",high,1,0,0,0,1,42.03
245,"My room, normal light, plain background",low,0,0,1,0,0,43.06
245,"My room, normal light, plain background",high,1,0,0,0,1,43.93
246,"My room, normal light, plain background",low,0,0,1,0,0,48.05
246,"My room, normal light, plain background",high,1,0,0,0,1,40.49
247,"My room, normal light, plain background",low,0,0,1,0,0,45.94
247,"My room, normal light, plain background",high,1,0,0,0,1,46.59
248,"My room, normal light, plain background",low,0,0,1,0,0,45.43
248,"My room, normal light, plain background",high,1,0,0,0,1,56.86
249,"My room, normal light, plain background",low,0,0,1,0,0,40.42
249,"My room, normal light, plain background",high,1,0,0,0,1,61.2
250,"My room, normal light, plain background",low,0,0,1,0,0,35.39
250,"My room, normal light, plain background",high,1,0,0,0,1,39.38
251,"My room, normal light, plain background",low,0,0,1,0,0,37.55
251,"My room, normal light, plain background",high,1,0,0,0,1,38.42
252,"My room, normal light, plain background",low,0,0,1,0,0,43.26
252,"My room, normal light, plain background",high,0,0,1,0,0,43.75
253,"My room, normal light, plain background",low,0,0,1,0,0,37.78
253,"My room, normal light, plain background",high,0,0,1,0,0,39.87
254,"My room, normal light, plain background",low,0,0,1,0,0,43.12
254,"My room, normal light, plain background",high,0,0,1,0,0,39.14
255,"My room, normal light, plain background",low,0,0,1,0,0,44.99
255,"My room, normal light, plain background",high,0,0,1,0,0,37.17
256,"My room, normal light, plain background",low,0,0,1,0,0,37.94
256,"My room, normal light, plain background",high,0,0,1,0,0,38.53
257,"My room, normal light, plain background",low,0,0,1,0,0,48.76
257,"My room, normal light, plain background",high,0,0,1,0,0,53.29
258,"My room, normal light, plain background",low,0,0,1,0,0,43.91
258,"My room, normal light, plain background",high,0,0,1,0,0,44.13
259,"My room, normal light, plain background",low,0,0,1,0,0,37.3
259,"My room, normal light, plain background",high,0,0,1,0,0,36.95
260,"My room, normal light, plain background",low,0,0,1,0,0,40.83
260,"My room, normal light, plain background",high,1,0,0,0,1,46.95
261,"My room, normal light, plain background",low,0,0,1,0,0,47.83
261,"My room, normal light, plain background",high,1,0,0,0,1,52.52
262,"My room, normal light, plain background",low,0,0,1,0,0,54.75
262,"My room, normal light, plain background",high,1,0,0,0,1,42.8
263,"My room, normal light, plain background",low,0,0,1,0,0,45.56
263,"My room, normal light, plain background",high,1,0,0,0,1,36.75
264,"My room, normal light, plain background",low,0,0,1,0,0,44.43
264,"My room, normal light, plain background",high,1,0,0,0,1,35.85
265,"My room, normal light, plain background",low,0,0,1,0,0,56.13
265,"My room, normal light, plain background",high,0,0,1,0,0,37.19
266,"My room, normal light, plain background",low,0,0,1,0,0,46.41
266,"My room, normal light, plain background",high,1,0,0,0,1,59.2
267,"My room, normal light, plain background",low,0,0,1,0,0,46.0
267,"My room, normal light, plain background",high,1,0,0,0,1,50.41
268,"My room, normal light, plain background",low,0,0,1,0,0,41.78
268,"My room, normal light, plain background",high,0,0,1,0,0,42.64
269,"My room, normal light, plain background",low,0,0,1,0,0,66.6
269,"My room, normal light, plain background",high,0,0,1,0,0,37.19
270,"My room, normal light, plain background",low,0,0,1,0,0,42.18
270,"My room, normal light, plain background",high,0,0,1,0,0,41.05
271,"My room, normal light, plain background",low,0,0,1,0,0,54.55
271,"My room, normal light, plain background",high,0,0,1,0,0,40.09
272,"My room, normal light, plain background",low,0,0,1,0,0,50.91
272,"My room, normal light, plain background",high,0,0,1,0,0,46.01
273,"My room, normal light, plain background",low,0,0,1,0,0,50.61
273,"My room, normal light, plain background",high,0,0,1,0,0,59.23
274,"My room, normal light, plain background",low,0,0,1,0,0,46.55
274,"My room, normal light, plain background",high,0,0,1,0,0,43.52
275,"My room, normal light, plain background",low,0,0,1,0,0,43.76
275,"My room, normal light, plain background",high,1,0,0,0,1,40.49
276,"My room, normal light, plain background",low,0,0,1,0,0,40.9
276,"My room, normal light, plain background",high,1,0,0,0,1,40.03
277,"My room, normal light, plain background",low,0,0,1,0,0,44.5
277,"My room, normal light, plain background",high,1,0,0,0,1,46.33
278,"My room, normal light, plain background",low,0,0,1,0,0,44.65
278,"My room, normal light, plain background",high,0,0,1,0,0,38.37
279,"My room, normal light, plain background",low,0,0,1,0,0,47.78
279,"My room, normal light, plain background",high,1,0,0,0,1,49.95
280,"My room, normal light, plain background",low,0,0,1,0,0,73.19
280,"My room, normal light, plain background",high,1,0,0,0,1,79.78
281,"My room, normal light, plain background",low,0,0,1,0,0,74.24
281,"My room, normal light, plain background",high,1,0,0,0,1,69.61
282,"My room, normal light, plain background",low,0,0,1,0,0,48.9
282,"My room, normal light, plain background",high,0,0,1,0,0,48.2
283,"My room, normal light, plain background",low,0,0,1,0,0,41.52
283,"My room, normal light, plain background",high,0,0,1,0,0,49.07
284,"My room, normal light, plain background",low,0,0,1,0,0,37.28
284,"My room, normal light, plain background",high,0,0,1,0,0,38.6
285,"My room, normal light, plain background",low,0,0,1,0,0,45.04
285,"My room, normal light, plain background",high,0,0,1,0,0,43.54
286,"My room, normal light, plain background",low,0,0,1,0,0,44.15
286,"My room, normal light, plain background",high,0,0,1,0,0,44.17
287,"My room, normal light, plain background",low,0,0,1,0,0,37.04
287,"My room, normal light, plain background",high,0,0,1,0,0,38.57
288,"My room, normal light, plain background",low,0,0,1,0,0,45.22
288,"My room, normal light, plain background",high,1,0,0,0,1,38.04
289,"My room, normal light, plain background",low,0,0,1,0,0,37.82
289,"My room, normal light, plain background",high,0,0,1,0,0,43.2
290,"My room, normal light, plain background",low,0,0,1,0,0,50.36
290,"My room, normal light, plain background",high,0,0,1,0,0,57.35
291,"My room, normal light, plain background",low,0,0,1,0,0,48.76
291,"My room, normal light, plain background",high,1,0,0,0,1,43.55
292,"My room, normal light, plain background",low,0,0,1,0,0,36.14
292,"My room, normal light, plain background",high,0,0,1,0,0,36.86
293,"My room, normal light, plain background",low,0,0,1,0,0,38.05
293,"My room, normal light, plain background",high,0,0,1,0,0,43.78
294,"My room, normal light, plain background",low,0,0,1,0,0,46.52
294,"My room, normal light, plain background",high,0,0,1,0,0,36.51
295,"My room, normal light, plain background",low,0,0,1,0,0,37.32
295,"My room, normal light, plain background",high,0,0,1,0,0,37.93
296,"My room, normal light, plain background",low,0,0,1,0,0,52.57
296,"My room, normal light, plain background",high,0,0,1,0,0,41.28
297,"My room, normal light, plain background",low,0,0,1,0,0,58.81
297,"My room, normal light, plain background",high,0,0,1,0,0,37.68
298,"My room, normal light, plain background",low,0,0,1,0,0,37.38
298,"My room, normal light, plain background",high,1,0,0,0,1,47.32
299,"My room, normal light, plain background",low,0,0,1,0,0,40.53
299,"My room, normal light, plain background",high,0,0,1,0,0,43.56
300,"My room, normal light, plain background",low,0,0,1,0,0,49.11
300,"My room, normal light, plain background",high,0,0,1,0,0,37.84
301,"My room, normal light, plain background",low,0,0,1,0,0,42.23
301,"My room, normal light, plain background",high,0,0,1,0,0,51.41
302,"My room, normal light, plain background",low,0,0,1,0,0,45.78
302,"My room, normal light, plain background",high,0,0,1,0,0,39.28
303,"My room, normal light, plain background",low,0,0,1,0,0,49.78
303,"My room, normal light, plain background",high,0,0,1,0,0,44.06
304,"My room, normal light, plain background",low,0,0,1,0,0,43.76
304,"My room, normal light, plain background",high,0,0,1,0,0,46.58
305,"My room, normal light, plain background",low,0,0,1,0,0,41.51
305,"My room, normal light, plain background",high,0,0,1,0,0,46.67
306,"My room, normal light, plain background",low,0,0,1,0,0,43.29
306,"My room, normal light, plain background",high,0,0,1,0,0,37.57
307,"My room, normal light, plain background",low,0,0,1,0,0,38.94
307,"My room, normal light, plain background",high,0,0,1,0,0,54.15
