epoch,time,train/box_loss,train/cls_loss,train/dfl_loss,metrics/precision(B),metrics/recall(B),metrics/mAP50(B),metrics/mAP50-95(B),val/box_loss,val/cls_loss,val/dfl_loss,lr/pg0,lr/pg1,lr/pg2
1,6.93202,1.23382,2.40794,1.41871,0,0,0,0,1.20415,2.76863,1.39732,0.0005,0.0005,0.0005
2,14.0287,1.4661,1.7672,1.57451,0,0,0,0,1.49672,2.90908,1.56867,0.0004835,0.0004835,0.0004835
3,20.3958,1.47726,1.73142,1.34513,0,0,0,0,1.58006,2.91089,1.71625,0.000467,0.000467,0.000467
4,28.39,1.30195,1.63786,1.32914,0,0,0,0,1.67041,2.93083,1.91287,0.0004505,0.0004505,0.0004505
5,35.5828,1.32118,1.68467,1.28086,0,0,0,0,1.73837,2.8899,2.02583,0.000434,0.000434,0.000434
6,42.9883,1.31462,1.65172,1.43144,0,0,0,0,1.60777,2.89115,1.95471,0.0004175,0.0004175,0.0004175
7,49.3682,1.2315,1.41434,1.34697,0,0,0,0,1.5059,2.82767,1.89128,0.000401,0.000401,0.000401
8,56.0422,1.32653,1.44408,1.41299,1,0.08333,0.54165,0.32499,1.60901,2.78846,1.90706,0.0003845,0.0003845,0.0003845
9,61.9301,1.27067,1.36956,1.37979,1,0.125,0.56249,0.20294,1.64217,2.80065,1.92532,0.000368,0.000368,0.000368
10,68.284,1.40502,1.50135,1.39065,1,0.125,0.56249,0.21805,1.54465,2.82784,1.84466,0.0003515,0.0003515,0.0003515
11,74.3868,1.25141,1.3827,1.30493,1,0.125,0.56249,0.20069,1.58079,2.77433,1.8458,0.000335,0.000335,0.000335
12,80.3548,1.28609,1.38998,1.40178,0.75,0.125,0.45311,0.1986,1.69077,2.7911,1.97951,0.0003185,0.0003185,0.0003185
13,86.2282,1.24827,1.22535,1.32434,0.8,0.16667,0.48366,0.24468,1.72198,2.83979,2.13313,0.000302,0.000302,0.000302
14,92.2231,1.17424,1.38346,1.21197,0.75,0.125,0.44311,0.16566,1.68705,2.8614,2.05012,0.0002855,0.0002855,0.0002855
15,98.1371,1.20927,1.20609,1.23753,1,0.08333,0.54165,0.24062,1.64894,2.77845,1.90825,0.000269,0.000269,0.000269
16,104.232,1.08897,1.30161,1.29357,1,0.08333,0.54165,0.35103,1.61076,2.72763,1.77761,0.0002525,0.0002525,0.0002525
17,110.601,1.04465,1.29648,1.18668,1,0.08333,0.54165,0.37708,1.56104,2.71059,1.68707,0.000236,0.000236,0.000236
18,116.689,1.18029,1.3224,1.29137,1,0.08333,0.54165,0.37708,1.53702,2.67786,1.63086,0.0002195,0.0002195,0.0002195
19,122.617,1.13636,1.12945,1.24211,1,0.125,0.56249,0.42707,1.56681,2.67077,1.6716,0.000203,0.000203,0.000203
20,129.15,1.05384,1.20094,1.20437,0.75,0.125,0.45311,0.32716,1.55688,2.66037,1.65978,0.0001865,0.0001865,0.0001865
21,135.169,1.07893,1.0945,1.14093,0.8,0.16667,0.48366,0.26914,1.55194,2.65779,1.65126,0.00017,0.00017,0.00017
22,141.062,1.25955,1.1878,1.26101,0.8,0.16667,0.49166,0.26196,1.54379,2.64474,1.62986,0.0001535,0.0001535,0.0001535
23,147.154,1.15688,1.11944,1.24573,0.83333,0.20833,0.5243,0.28545,1.52491,2.6087,1.59353,0.000137,0.000137,0.000137
24,154.57,1.07867,1.03486,1.21928,0.83333,0.20833,0.5243,0.30907,1.49997,2.58075,1.57016,0.0001205,0.0001205,0.0001205
25,160.495,1.228,1.19529,1.32156,0.71429,0.20833,0.48345,0.31107,1.49699,2.54337,1.54828,0.000104,0.000104,0.000104
26,166.268,1.10959,1.21147,1.19194,0.625,0.20833,0.44781,0.2916,1.49296,2.53055,1.54846,8.75e-05,8.75e-05,8.75e-05
27,173.13,1.07772,1.02523,1.17504,0.625,0.20833,0.44781,0.2916,1.46435,2.52117,1.53186,7.1e-05,7.1e-05,7.1e-05
28,179.285,1.00898,1.13601,1.19603,0.625,0.20833,0.44781,0.2916,1.44605,2.53451,1.52408,5.45e-05,5.45e-05,5.45e-05
29,185.367,0.98325,1.01847,1.16505,0.625,0.20833,0.44781,0.29878,1.45064,2.51848,1.5268,3.8e-05,3.8e-05,3.8e-05
30,191.856,1.03889,1.04571,1.14816,0.625,0.20833,0.44781,0.29878,1.46578,2.51585,1.54298,2.15e-05,2.15e-05,2.15e-05
